카테고리,단어
여행,여행
여행,관광
여행,휴가
여행,출발
여행,도착
여행,여정
여행,유람
여행,탐방
여행,답사
여행,방문
여행,구경
여행,관람
여행,산책
여행,피서
여행,피난
여행,배낭
여행,짐
여행,가방
여행,지도
여행,안내
여행,휴양
여행,나들이
여행,외출
여행,귀가
여행,귀국
장소,장소
장소,지역
장소,공간
장소,명소
장소,유적
장소,자연
장소,바다
장소,산
장소,들
장소,강
장소,섬
장소,도시
장소,마을
장소,거리
장소,골목
장소,광장
장소,공원
장소,시장
장소,식당
장소,다방
장소,풍경
장소,경치
장소,야경
장소,배경
장소,위치
교통,교통
교통,이동
교통,승차
교통,하차
교통,환승
교통,비행기
교통,기차
교통,열차
교통,버스
교통,선박
교통,배
교통,자동차
교통,자전거
교통,도보
교통,걸음
교통,탑승
교통,수단
교통,노선
교통,경로
교통,방향
교통,표
교통,요금
교통,운행
교통,지연
교통,출발지
숙박,숙박
숙박,숙소
숙박,체류
숙박,투숙
숙박,예약
숙박,객실
숙박,방
숙박,침대
숙박,휴식
숙박,잠
숙박,이불
숙박,요
숙박,세면
숙박,목욕
숙박,조식
숙박,식사
숙박,시설
숙박,봉사
숙박,제공
숙박,안락
숙박,편의
숙박,불편
숙박,불만
숙박,만족
숙박,대금
음식,음식
음식,식사
음식,맛
음식,냄새
음식,향기
음식,미각
음식,요리
음식,반찬
음식,밥
음식,국
음식,찌개
음식,음식점
음식,명물
음식,차림
음식,주류
음식,음료
음식,간식
음식,야식
음식,특산물
음식,향토
음식,재료
음식,신선
음식,부패
음식,포만감
음식,식욕
일정,일정
일정,계획
일정,시간
일정,기간
일정,날짜
일정,하루
일정,이틀
일정,주말
일정,휴일
일정,평일
일정,오전
일정,오후
일정,저녁
일정,밤
일정,새벽
일정,아침
일정,낮
일정,시작
일정,끝
일정,과정
일정,순서
일정,차례
일정,연기
일정,취소
일정,마감
기록,기록
기록,작성
기록,일기
기록,후기
기록,소감
기록,글
기록,문장
기록,단어
기록,표현
기록,묘사
기록,설명
기록,서술
기록,요약
기록,정리
기록,편집
기록,수정
기록,발행
기록,공개
기록,공유
기록,게시
기록,등록
기록,저장
기록,보존
기록,삭제
기록,복구
문서,문서
문서,양식
문서,서식
문서,틀
문서,구조
문서,배치
문서,표
문서,그림
문서,사진
문서,제목
문서,본문
문서,내용
문서,단락
문서,목차
문서,서론
문서,결론
문서,글꼴
문서,크기
문서,색상
문서,여백
문서,강조
문서,밑줄
문서,문맥
문서,기호
문서,번호
인공지능,인공
인공지능,지능
인공지능,생성
인공지능,자동
인공지능,기계
인공지능,학습
인공지능,명령
인공지능,요청
인공지능,답변
인공지능,출력
인공지능,결과
인공지능,초안
인공지능,바탕
인공지능,참고
인공지능,활용
인공지능,도구
인공지능,기술
인공지능,언어
인공지능,모형
인공지능,정보
인공지능,탐색
인공지능,검색
인공지능,분석
인공지능,처리
인공지능,완성
감상,감상
감상,느낌
감상,기분
감상,감정
감상,감동
감상,환희
감상,기쁨
감상,즐거움
감상,행복
감상,만족
감상,평온
감상,놀람
감상,신기
감상,흥미
감상,기대
감상,설렘
감상,실망
감상,후회
감상,아쉬움
감상,슬픔
감상,피로
감상,피곤
감상,고단
감상,위로
감상,치유
평가,평가
평가,심사
평가,판단
평가,비판
평가,칭찬
평가,추천
평가,비난
평가,장점
평가,단점
평가,특징
평가,차이
평가,비교
평가,대조
평가,기준
평가,점수
평가,가점
평가,의견
평가,주장
평가,근거
평가,이유
평가,장려
평가,권장
평가,주의
평가,경고
평가,조언
비용,비용
비용,돈
비용,금액
비용,예산
비용,지출
비용,소비
비용,절약
비용,낭비
비용,결제
비용,현금
비용,수표
비용,영수증
비용,할인
비용,우대
비용,무료
비용,유료
비용,가격
비용,물가
비용,가치
비용,이익
비용,손해
비용,정산
비용,계산
비용,환전
비용,환율
날씨,날씨
날씨,기후
날씨,계절
날씨,봄
날씨,여름
날씨,가을
날씨,겨울
날씨,맑음
날씨,흐림
날씨,비
날씨,눈
날씨,바람
날씨,구름
날씨,안개
날씨,햇빛
날씨,태양
날씨,기온
날씨,온도
날씨,습도
날씨,더위
날씨,추위
날씨,폭우
날씨,폭설
날씨,장마
날씨,폭염
동행,동행
동행,일행
동행,친구
동행,가족
동행,연인
동행,부모
동행,자녀
동행,형제
동행,자매
동행,부부
동행,친척
동행,혼자
동행,단체
동행,무리
동행,모임
동행,사람
동행,인간
동행,관계
동행,대화
동행,소통
동행,다툼
동행,화해
동행,배려
동행,양보
동행,협력
목적,목적
목적,목표
목적,이유
목적,동기
목적,원인
목적,휴식
목적,요양
목적,경험
목적,체험
목적,탐구
목적,학습
목적,취미
목적,오락
목적,친목
목적,도모
목적,행사
목적,축제
목적,참가
목적,참석
목적,관전
목적,응원
목적,전환
목적,일탈
목적,자유
목적,해방
추억,추억
추억,기억
추억,과거
추억,흔적
추억,남음
추억,잊음
추억,망각
추억,회상
추억,향수
추억,그리움
추억,여운
추억,잔상
추억,영상
추억,화면
추억,사진첩
추억,기념
추억,선물
추억,물건
추억,수집
추억,간직
추억,보관
추억,소유
추억,가치
추억,의미
추억,보물
시각,시각
시각,눈
시각,보기
시각,관찰
시각,발견
시각,색
시각,빛
시각,어둠
시각,명암
시각,형태
시각,모양
시각,크기
시각,원근
시각,입체
시각,평면
시각,조화
시각,대비
시각,화려
시각,소박
시각,수수
시각,아름다움
시각,추함
시각,선명
시각,흐릿
시각,투명
정보,정보
정보,지식
정보,사실
정보,소식
정보,기별
정보,안내
정보,설명
정보,비결
정보,방법
정보,방식
정보,수칙
정보,규칙
정보,법
정보,제도
정보,문화
정보,풍속
정보,전통
정보,역사
정보,유래
정보,기원
정보,의미
정보,해석
정보,번역
정보,진실
정보,소문
표현,표현
표현,말
표현,언어
표현,소리
표현,대화
표현,방언
표현,사투리
표현,외국어
표현,인사
표현,감사
표현,사과
표현,부탁
표현,질문
표현,대답
표현,환영
표현,거절
표현,동의
표현,반대
표현,긍정
표현,부정
표현,강조
표현,생략
표현,비유
표현,상징
표현,은유
상태,상태
상태,상황
상태,여유
상태,한가
상태,태평
상태,나태
상태,게으름
상태,부지런
상태,열심
상태,활동
상태,운동
상태,정지
상태,멈춤
상태,느림
상태,빠름
상태,속도
상태,여가
상태,재미
상태,흥
상태,흥분
상태,고요
상태,적막
상태,소음
상태,침묵
상태,명상
